,Unnamed: 0,name,url,picks,profit,yield
0,0,dedi22,https://dedi22.blogabet.com,2015,4001,36
1,0,Aussie1126,https://aussie1126.blogabet.com,2014,999,21
2,0,Jimin Jibao,https://jj1ba0.blogabet.com,2017,11986,53
3,0,cheser,https://cheser.blogabet.com,2014,1247,14
4,0,Safin,https://safin1.blogabet.com,2007,806,13
5,0,Iranian Sports,https://iraniansport.blogabet.com,2018,218,48
6,0,Semas_Biggest_Fan,https://punisher1.blogabet.com,2015,1284,45

8,0,NINIBET,https://ninibet.blogabet.com,2015,568,36

10,0,doko,https://doko.blogabet.com,2008,1572,7
11,0,BabyJumpHook,https://babyjumphook.blogabet.com,2016,1311,21
12,0,Jimbeam,https://annobonno1.blogabet.com,2015,670,19
13,0,KingGol,https://kinggol.blogabet.com,2017,147,30
14,0,GeniusTips,https://thegeniustips.blogabet.com,2014,1566,13
15,0,4eventeVB365,https://eventevb.blogabet.com,2015,691,17
16,0,Rado,https://radobet.blogabet.com,2012,2155,7
17,0,ProTip!,https://timebombtips.blogabet.com,2016,384,24
18,0,betonlybet,https://betonlybet.blogabet.com,2013,1137,0

20,0,SlavaG,https://poloss.blogabet.com,2018,252,30
21,0,Sergio Freitas,https://sergiofreitas.blogabet.com,2017,53,2

23,0,Mrbetting (only South America),https://misterbetting.blogabet.com,2013,655,6

25,0,zuto123,https://zuto123.blogabet.com,2016,1284,10

27,0,YugoValue,https://yugovalue.blogabet.com,2017,452,30
28,0,Ignazio,https://ignazio.blogabet.com,2015,442,13
29,0,InsideSport,https://insidesport.blogabet.com,2016,602,4
30,0,bacilla,https://bacilla.blogabet.com,2013,1388,12
31,0,Geh,https://smarius1978.blogabet.com,2016,1590,9
32,0,SEASON BREAK,https://Haloo,0,3319,2777
33,0,GermanRegio,https://softik.blogabet.com,2015,554,5
34,0,ehrenmann,https://ehrenmann.blogabet.com,2015,425,19
35,0,highfiability,https://highfiabilitytennis.blogabet.com,2015,326,37
36,0,SEASON BREAK,https://zizou100,0,1058,390
37,0,Albanian Sports,https://noluckpicks.blogabet.com,2018,392,18
38,0,FrancisBegbie,https://nightshift.blogabet.com,2015,1493,35
39,0,Fuleco Sports,https://fuleco.blogabet.com,2019,1197,14
40,0,SEASON BREAK,https://L,0,458,291
41,0,realmaster,https://realmaster.blogabet.com,2015,4333,3
42,0,ATAT,https://lindap.blogabet.com,2016,1840,17
43,0,Billy Walters,https://strauts.blogabet.com,2017,1990,16
44,0,SEASON BREAK,https://sirkaxtos!!,0,1071,420

46,0,◢ℋandiℳajstℯ®◣™ ️⚽️️⚽️️⚽️,https://handimajster.blogabet.com,2016,317,32
47,0,Begemot,https://begemot.blogabet.com,2015,229,28
48,0,croton,https://croton.blogabet.com,2012,417,20
49,0,Maluodds,https://maluodds.blogabet.com,2017,1237,18
50,0,awer,https://awer.blogabet.com,2012,1210,14
51,0,SERVICE FULL,https://JCFC86,86,1180,503
52,0,PdP Master,https://pdpmaster.blogabet.com,2017,643,16
53,0,Hungarian football tips,https://sfetips.blogabet.com,2015,169,13
54,0,Le Girondin,https://legirondin.blogabet.com,2017,63,8
55,0,Owenj11,https://owenj11.blogabet.com,2009,2399,6
56,0,Mysiak,https://mysiak.blogabet.com,2015,211,15
57,0,gusar5,https://gusar5.blogabet.com,2016,285,10
58,0,manos,https://manxif2.blogabet.com,2011,775,3
59,0,Styffz Tipping,https://styffz.blogabet.com,2017,92,37
60,0,cqc2003N,https://ngl2003.blogabet.com,2016,475,5
61,0,Basketball vision,https://nbaprematchbetsonly.blogabet.com,2019,210,14
62,0,mateuslima,https://mateus30lucas.blogabet.com,2017,1127,20
63,0,zibi1973,https://zibi1973.blogabet.com,2015,631,11
64,0,Vinicius Duarte,https://vinicius_duarte.blogabet.com,2016,198,12
65,0,BoomBoomRoom,https://boomboomroom.blogabet.com,2018,213,30

67,0,Kadrs,https://kadrs.blogabet.com,2006,1134,10
68,0,AlaSBets,https://alasbets.blogabet.com,2016,1555,16
69,0,SEASON BREAK,https://Schlumpi,0,4419,2730
70,0,cro_scout,https://croscout.blogabet.com,2018,706,16
71,0,Andi Rettig,https://andirettig.blogabet.com,2014,34,1
72,0,VALUE Mihov,https://valuemihov23.blogabet.com,2017,401,10
73,0,SEASON BREAK,https://Pe2ro,2,3165,440
74,0,znicz,https://znicz.blogabet.com,2016,1040,19
75,0,telemAAq,https://telemaaq.blogabet.com,2014,807,6
76,0,Brazilian Bets,https://felipefranco.blogabet.com,2016,3230,10
77,0,rfkingpicks,https://rfkingpicks.blogabet.com,2016,363,4
78,0,Kingfisher,https://hristo_yankov.blogabet.com,2016,375,15
79,0,peter13,https://peter13.blogabet.com,2014,296,11
80,0,basketballbroker,https://basketballbroker.blogabet.com,2015,1858,2
81,0,OldManBets,https://oldmanbets.blogabet.com,2016,469,12
82,0,TraderBG,https://traderbg.blogabet.com,2018,1352,19
83,0,gumis1987,https://gumis1987.blogabet.com,2013,237,10


86,0,@betinvolley,https://betvolley.blogabet.com,2016,856,11
87,0,uselogic,https://uselogic.blogabet.com,2015,375,7
88,0,Spain-Bets,https://spain-bets.blogabet.com,2011,239,9
89,0,PeterMeyer,https://rudel.blogabet.com,2016,905,14
90,0,Post-Soviet states (big),https://mugbet.blogabet.com,2016,94,13

92,0,mlbinsider,https://mlbinsider.blogabet.com,2015,536,3
93,0,sasheto86,https://sasheto86.blogabet.com,2015,852,8
94,0,ValueFarm,https://valuefarm.blogabet.com,2018,325,30
95,0,Effic,https://effii.blogabet.com,2018,1445,20
96,0,diegodk,https://diegodk.blogabet.com,2013,116,5
97,0,TheMoralist,https://themoralist.blogabet.com,2017,201,42
98,0,pegasus41,https://pegasus2841.blogabet.com,2019,306,36
99,0,Vlack,https://chileanpicks.blogabet.com,2013,372,15
100,0,Thor Inge,https://vincentvg.blogabet.com,2015,258,1
101,0,Slotter,https://slotter.blogabet.com,2015,200,6
102,0,Mr.Langella,https://italianbasketball.blogabet.com,2017,403,13
103,0,Skorea,https://skorea.blogabet.com,2015,252,9
104,0,@FootyInvest,https://globalsoccernetwork.blogabet.com,2015,709,7
105,0,Profebet,https://profebet.blogabet.com,2019,632,39
106,0,H@NDI©@PPE®,https://victor-sv.blogabet.com,2016,130,15
107,0,Kkoma,https://kkomatips.blogabet.com,2017,200,24
108,0,betamalta,https://betamalta.blogabet.com,2015,403,25
109,0,fuxxe,https://fuxxe.blogabet.com,2017,325,21

111,0,SPQR,https://spqr.blogabet.com,2018,271,25
112,0,Sam DV,https://samdivine.blogabet.com,2019,398,19
113,0,raiki,https://reiki.blogabet.com,2011,138,17
114,0,ArgentinPicks,https://argentinaconnection.blogabet.com,2015,226,8
115,0,KolpyBet,https://kolpybet.blogabet.com,2016,320,5
116,0,Gustavo Lampião,https://lampiaodasapostas.blogabet.com,2019,394,13
117,0,The investor XXIII,https://kourou.blogabet.com,2017,1236,5
118,0,slovenianmonster,https://slovenianmonster.blogabet.com,2010,230,10
119,0,RSM,https://rsmrsm.blogabet.com,2017,246,2
120,0,The Riddler,https://riddler.blogabet.com,2018,208,16
121,0,Algorithms,https://lestatbetis.blogabet.com,2017,45,22
122,0,solver,https://habemuspicks.blogabet.com,2014,436,2
123,0,cosmic,https://cosmicbet.blogabet.com,2017,618,44
124,0,Ludusan66,https://ludusan66.blogabet.com,2016,300,17
125,0,SEASON BREAK,https://valuehunter9 - Easy To Follow ✅,0,522,21
126,0,IALYSOS_17,https://chrarg.blogabet.com,2018,880,31
127,0,protonbets,https://protonbets.blogabet.com,2019,2266,17
128,0,fccarli,https://fccarli.blogabet.com,2018,1241,20
129,0,Futbol,https://futbolpl.blogabet.com,2015,661,23
130,0,SR4,https://sr4private.blogabet.com,2019,1360,25
131,0,sousa,https://sousa.blogabet.com,2015,1265,2
132,0,Clint,https://eastwood.blogabet.com,2012,91,9
133,0,Vip,https://1x2valuepicks.blogabet.com,2016,4748,12
134,0,The Dutchman,https://dutchmaestro.blogabet.com,2017,163,1
135,0,Just Money,https://deinalptraum.blogabet.com,2018,145,10
136,0,NikkiLee,https://nikkilee.blogabet.com,2018,285,35
137,0,veterans,https://veterans.blogabet.com,2014,304,8
138,0,MidaSS,https://midass.blogabet.com,2015,527,15

140,0,Persevera,https://persevera.blogabet.com,2014,578,13
141,0,Risk-Ahead,https://risk-man.blogabet.com,2019,103,38
142,0,Francis Begbie,https://francobegbie.blogabet.com,2019,473,22
143,0,Yeezus,https://yeezus10.blogabet.com,2015,159,2
144,0,Global Resistance,https://globalresistance.blogabet.com,2019,866,22
145,0,brucinger,https://brucinger.blogabet.com,2010,1558,14
146,0,SEASON BREAK,https://XrusTTT,0,1479,116
147,0,don chaikinio,https://xx1337.blogabet.com,2017,1797,10
148,0,TinchoCARC,https://tincho1889rc.blogabet.com,2017,490,14
149,0,Spanish Discipline,https://spanishdiscipline.blogabet.com,2015,310,15
150,0,SEASON BREAK,https://ShawnKemp,0,817,410
151,0,Portuguese Handball,https://vascobzky.blogabet.com,2016,678,11
152,0,SEASON BREAK,https://scales,0,2254,292
153,0,Smule,https://smule1992.blogabet.com,2018,490,11
154,0,tarass,https://tarass.blogabet.com,2017,268,14
155,0,Reporter,https://abonamentpm.blogabet.com,2017,693,51
156,0,ukrfoot,https://ukrfoot.blogabet.com,2012,849,5
157,0,ACE APUESTAS,https://stealzatp.blogabet.com,2018,209,13
158,0,easymoneyy,https://dakson.blogabet.com,2018,1307,13
159,0,Bario,https://bario.blogabet.com,2014,97,19
160,0,marathonman,https://cashwithtrash.blogabet.com,2017,179,14
161,0,Sergei Makarov,https://cruyffmlb.blogabet.com,2015,53,16
162,0,inittowinit,https://jupilerpremier.blogabet.com,2012,216,7
163,0,jeromybets,https://discovergermanvalue.blogabet.com,2019,136,22
164,0,labtecc,https://labtecc.blogabet.com,2012,857,11
165,0,RAGO (pinnacle only),https://ragopronos.blogabet.com,2016,242,9
166,0,hockeymarket,https://chrisz.blogabet.com,2013,176,3
167,0,wtamadeinswiss,https://wtamadeinswiss.blogabet.com,2014,792,4
168,0,SEASON BREAK,https://PINNACLE_Bet365_Corners,0,1836,204
169,0,Woofersuper,https://woofersuper.blogabet.com,2014,286,16
170,0,ToTo45,https://toto45.blogabet.com,2019,35,13
171,0,rusp,https://rusp.blogabet.com,2015,414,8
172,0,Xargos,https://xargos.blogabet.com,2014,1813,11
173,0,Quant,https://abstractart.blogabet.com,2015,251,7
174,0,ziotips,https://ziotips.blogabet.com,2016,69,4
175,0,SEASON BREAK,https://kosz,0,270,15
176,0,PersianTipster,https://persiantipster.blogabet.com,2019,24,9
177,0,African Arabic,https://ayoubjounaid.blogabet.com,2017,281,20
178,0,OnlyValueTennisBets,https://onlyvaluetennisbets.blogabet.com,2017,25,0
179,0,asfromPortugal,https://asfromportugal.blogabet.com,2017,567,8
180,0,Marcipeusz,https://vadis.blogabet.com,2018,420,20
181,0,asiankitchen,https://asiankitchen.blogabet.com,2015,294,4
182,0,lotrev,https://lotrev.blogabet.com,2018,1,2
183,0,Pronos,https://pronosticosfutbol.blogabet.com,2014,56,2
184,0,eran,https://f00tb4ll.blogabet.com,2015,76,5
185,0,mobale,https://mobale.blogabet.com,2016,454,18
186,0,wormbet,https://wormbet.blogabet.com,2018,2200,13
187,0,isonemybet,https://isonemybet.blogabet.com,2019,1990,59
188,0,Spanish Picks,https://spanishpick99.blogabet.com,2019,164,16
189,0,SEASON BREAK,https://Guga,0,612,410
190,0,bombila78,https://bankersbets.blogabet.com,2016,156,7
191,0,Lucas Basket,https://lucasbasket.blogabet.com,2017,388,7
192,0,RAOTL,https://raotl.blogabet.com,2016,420,13
193,0,mioguelixpicks,https://mioguelixpicks.blogabet.com,2016,1559,8
194,0,ArenasPicks,https://arenaspicks.blogabet.com,2015,245,9
195,0,Carlosm245,https://carlosm245.blogabet.com,2018,441,13
196,0,shsh.e,https://shshe.blogabet.com,2018,96,8
197,0,austrianAnalytics,https://austriananalytics.blogabet.com,2019,123,24
198,0,TennisModel,https://tennismodel.blogabet.com,2019,393,4
199,0,AceOn2ndServe,https://tennisbombz.blogabet.com,2014,995,16
200,0,▪Invictus...,https://rainofgoals.blogabet.com,2018,105,5
201,0,theOwltips,https://theowltips.blogabet.com,2012,311,8
202,0,austrianregio,https://austrianregio.blogabet.com,2017,80,11
203,0,Betsinlocation,https://betsinlocation.blogabet.com,2019,2,1
204,0,Liga das Apostas Serviço de picks,https://danborg.blogabet.com,2018,1488,10
205,0,dimitri_4,https://dimitri4.blogabet.com,2017,127,12
206,0,jaunazeke24,https://easylife.blogabet.com,2016,58,7
207,0,Fannullonibet,https://tennismatchsuspects.blogabet.com,2015,208,7
208,0,SKBetTips,https://jmsbets.blogabet.com,2019,293,58
209,0,sakomal,https://sakomal.blogabet.com,2015,69,20
210,0,R-Cold,https://r-cold.blogabet.com,2017,157,13
211,0,sak67,https://sak67.blogabet.com,2013,104,9
212,0,TargetBet16,https://targetbets.blogabet.com,2019,417,19
213,0,кєngσ ®,https://sports-investments.blogabet.com,2019,83,75
214,0,Eishockey-Expert,https://johnnyhockey.blogabet.com,2016,693,4
215,0,RicSilva,https://allarabia.blogabet.com,2017,66,12
216,0,LIVE-FUTBOL,https://futbol-live.blogabet.com,2019,66,26
217,0,Alleks,https://alleks.blogabet.com,2017,291,15
218,0,rolitaker,https://rolandinho.blogabet.com,2016,74,22
219,0,Handball Profit,https://besthandballtips.blogabet.com,2017,56,17
220,0,LEX,https://divac81.blogabet.com,2012,732,4
221,0,Gekest,https://gekest.blogabet.com,2016,441,16
222,0,Abay_Anzali,https://persianleague.blogabet.com,2015,126,1
223,0,Wender Carvalho,https://wender.blogabet.com,2017,519,7
224,0,~Asia Project~,https://topcornerkick.blogabet.com,2016,177,14
225,0,playerlive,https://playerlive83.blogabet.com,2018,4331,7
226,0,Paralias,https://paralias.blogabet.com,2011,117,2
227,0,Franck7,https://frank7.blogabet.com,2019,272,25
228,0,popobook,https://popobook.blogabet.com,2016,569,40
229,0,DobraZmiana,https://dobrazmiana.blogabet.com,2017,4,3
230,0,GeorgeBell22,https://georgebell22.blogabet.com,2018,342,11
231,0,Miles Staunton,https://milesstaunton.blogabet.com,2019,128,43
232,0,Juanmovic,https://juanmovic.blogabet.com,2016,163,6
233,0,DutchBettingTips,https://dutchbettingtips.blogabet.com,2016,1,11
234,0,The Official Sjaak Polak,https://bettingtips010.blogabet.com,2018,3,139
235,0,Inadel,https://inadel.blogabet.com,2011,650,4
236,0,Koala82,https://tricolorfans.blogabet.com,2018,1761,8
237,0,dutchbasketball,https://dutchbasketball.blogabet.com,2014,401,18
238,0,Lebontips,https://blackbetpronos.blogabet.com,2018,16,24
239,0,BeDoBet,https://bedobet.blogabet.com,2010,16,9
240,0,Shek_,https://shekpicks.blogabet.com,2015,121,4
241,0,Yami Bakura,https://bakura.blogabet.com,2018,190,20
242,0,Betting Department,https://bettingdepartment.blogabet.com,2016,128,12
243,0,danzol44,https://danzol44.blogabet.com,2015,529,5
244,0,Betting Project,https://andreathering.blogabet.com,2018,478,17
245,0,dmccooper,https://dmccooper.blogabet.com,2014,976,13
246,0,SaPariepopette,https://sapariepopette.blogabet.com,2019,843,6
247,0,NHL picks,https://forzaa1913.blogabet.com,2014,282,1
248,0,J-Sports,https://valuemachine.blogabet.com,2018,740,14
249,0,SEASON BREAK,https://Flash84,84,48,8
250,0,Dropp System,https://mvsoccer.blogabet.com,2015,2264,7
251,0,SEASON BREAK,https://Kool Kluber,0,4859,237
252,0,Denarius,https://denarius.blogabet.com,2017,1246,3
253,0,The italian job!,https://prosekkino.blogabet.com,2016,126,30
254,0,r081n,https://r081n.blogabet.com,2015,391,4
255,0,michelle,https://michelle.blogabet.com,2010,130,7
256,0,CozZzmo,https://littlejora.blogabet.com,2015,271,12
257,0,QuotenWilly Sportwetten,https://quotenwilly-sportwetten.blogabet...,2018,268,10
258,0,NOT AVAILABLE,https://Mr_Value The 2nd,0,1702,301
259,0,From Denmark with love,https://jacobcnielsen.blogabet.com,2014,672,5
260,0,JamesonBet,https://jamesonbet.blogabet.com,2016,104,2
261,0,dmsb,https://dmsb.blogabet.com,2018,44,10
262,0,WomBets,https://wombets.blogabet.com,2019,93,13
263,0,Transparent Bets,https://transparentbets.blogabet.com,2018,131,22
264,0,Inversiones Cryptodeport,https://melodealcher.blogabet.com,2019,1,0
265,0,Lubloscky,https://lubloscky.blogabet.com,2018,828,20
266,0,SMD,https://smdh.blogabet.com,2016,767,36
267,0,Gambler_07,https://blondin07.blogabet.com,2016,1461,7
268,0,WorldPicks,https://deuderapuestas.blogabet.com,2016,51,4
269,0,JeBe,https://jebe.blogabet.com,2017,766,19
270,0,EuroHockeyTips,https://eurohockeytips.blogabet.com,2017,849,9
271,0,Lokutus,https://lokutus.blogabet.com,2010,104,11
272,0,Cassandra_BET,https://ilya0103.blogabet.com,2018,1926,11
273,0,WreckX,https://wreckxxx.blogabet.com,2016,243,10
274,0,Frappe,https://frappe.blogabet.com,2016,6,2
275,0,Ozymandias47,https://baseballpicks13.blogabet.com,2015,896,10
276,0,Incognito.,https://traderinfo.blogabet.com,2019,1016,19
277,0,LaboralBET,https://laboralbet.blogabet.com,2019,919,17
278,0,Atenasbball,https://bet4lifepro.blogabet.com,2018,162,41
279,0,MGUILLE,https://mguille.blogabet.com,2015,23,5
280,0,Fernando_Luiz,https://flsnbatips.blogabet.com,2015,147,6
281,0,kobe,https://kobegod.blogabet.com,2019,133,18
282,0,John Anthony,https://ilpiratapronos.blogabet.com,2015,183,8
283,0,★ DrawDreamSoccer ★,https://drawdreamsoccer.blogabet.com,2017,374,10
284,0,RonAtkinson,https://ronatkinson.blogabet.com,2014,24,4
285,0,BBbets,https://bbbets.blogabet.com,2019,363,5
286,0,| Tipster Slobo |,https://tipsterslobo.blogabet.com,2019,435,21
287,0,Skandinavos,https://skandinavos.blogabet.com,2008,861,10
288,0,ExperimenTalus,https://experimentalus.blogabet.com,2019,149,14
289,0,iprotenis,https://iprotenis.blogabet.com,2016,287,6
290,0,ignaysanti101,https://ignaysanti101.blogabet.com,2019,430,5
291,0,Tippickbet,https://tippickbet.blogabet.com,2014,492,5
292,0,Probetting_,https://quintero.blogabet.com,2013,487,14
293,0,jajano,https://jajanoo.blogabet.com,2018,128,15
294,0,elite American Basket bets,https://bet4casz.blogabet.com,2017,35,3
295,0,Daniel's Tippstube,https://danielstipps.blogabet.com,2019,127,11
296,0,Spookster,https://xtazy.blogabet.com,2013,163,31
297,0,So good,https://sogoood.blogabet.com,2016,1247,17
298,0,MiLy-Sportwetten✅,https://tipicobetting.blogabet.com,2017,56,2
299,0,kingkorners,https://kingkorners.blogabet.com,2016,303,4
300,0,Wronger,https://localist.blogabet.com,2019,140,24
301,0,vaijdas,https://vaijdas.blogabet.com,2014,905,4
302,0,VALUE TIPS,https://zimnooki.blogabet.com,2017,3424,17
303,0,Sergio Pellissier,https://pellissier.blogabet.com,2017,44,1
304,0,RomaniaBet,https://romaniabet.blogabet.com,2019,32,8
305,0,Numeropeli,https://numeropeli.blogabet.com,2017,23,9
306,0,PicksEnBase,https://picksonbase.blogabet.com,2018,557,13
307,0,SEASON BREAK,https://betcornerspremium,0,298,65
308,0,OhMyBet Free,https://ohmybet1.blogabet.com,2014,180,11
309,0,specialtwo,https://specialtwo.blogabet.com,2014,271,14
310,0,Hugo666,https://hugo666.blogabet.com,2018,17,12
311,0,Rugbyonly,https://rugbyprobetting.blogabet.com,2016,499,8
312,0,Mnemko,https://mn93.blogabet.com,2018,359,24
313,0,jokobe,https://jokobe.blogabet.com,2013,106,3
314,0,Mixed-Sports,https://liveislife.blogabet.com,2016,642,2
315,0,Lunar,https://eclipse.blogabet.com,2019,93,42
"316,0,""$ VENI, VIDI, VICI $"",https://venividivici.blogabet.com,2019,857,14"
317,0,syracuse,https://miszczjesttylkojeden.blogabet.co...,2016,980,11
318,0,luda,https://ludatips.blogabet.com,2013,62,11
319,0,Pan Sz.,https://panszlachcic.blogabet.com,2016,159,10
320,0,ProPicks,https://justlikethattips.blogabet.com,2017,618,6
321,0,Rindorak,https://rindorak.blogabet.com,2016,445,15
322,0,Claudia,https://claudia.blogabet.com,2016,255,20
323,0,THE BO$$,https://mestredavarzea.blogabet.com,2018,1061,13
324,0,Nikosolution,https://bet365signals.blogabet.com,2017,281,14
325,0,LucaDrop,https://lucaverde82.blogabet.com,2016,721,7
326,0,Moyo,https://moyo.blogabet.com,2017,20,4
327,0,cocahontas1,https://cocahontas1.blogabet.com,2018,65,3
328,0,Scottish Football,https://ukbest.blogabet.com,2016,10,4
329,0,Amassin,https://amassin.blogabet.com,2017,423,9
330,0,Amateur-bets,https://carlosazul69.blogabet.com,2017,189,10
331,0,Troyes,https://troyes.blogabet.com,2015,56,4
332,0,Sherbet Tips,https://sherbet.blogabet.com,2019,989,21
333,0,EL POLAKO,https://elpolako.blogabet.com,2018,2485,15
334,0,JessePicksman,https://jessepicksman.blogabet.com,2019,9,6
335,0,MatchPoints,https://matchpoint.blogabet.com,2018,344,22
336,0,Maniv,https://mani90.blogabet.com,2016,324,13
337,0,bastardi,https://andateinculobastardi.blogabet.co...,2013,504,6
338,0,juako,https://juako.blogabet.com,2016,85,9
339,0,✅ Basketpreviews ✅,https://basketpreviews.blogabet.com,2019,608,3
340,0,High ROI Society,https://hrsociety.blogabet.com,2016,147,16
341,0,wettprofi73,https://wettprofi73.blogabet.com,2015,610,2
342,0,Redo48,https://redo48.blogabet.com,2017,72,9
343,0,Pat28,https://consensusus28.blogabet.com,2014,373,1
344,0,TancuySoMnoy,https://seregabetslimited.blogabet.com,2015,75,2
345,0,Del_Pi,https://moneymaker18.blogabet.com,2018,1676,8
346,0,slovakleague,https://slovakleague.blogabet.com,2017,63,20
347,0,ProfiPicks,https://profipicks.blogabet.com,2019,269,12
348,0,cellarPICKS,https://cellarpicks.blogabet.com,2017,179,11
349,0,special-one83,https://special-one83.blogabet.com,2019,195,36
350,0,es_inc,https://colombianpicks.blogabet.com,2013,380,8
351,0,POLtips,https://miziam.blogabet.com,2018,478,24
352,0,NBA only PINNACLE,https://ofeek.blogabet.com,2012,446,4
353,0,Giorgio Tips,https://grecia.blogabet.com,2019,1426,11
354,0,Vr,https://vrpicks.blogabet.com,2017,254,8
355,0,ruhrpottmara,https://ruhrpott.blogabet.com,2007,927,7
356,0,mujgnuj,https://mujgnuj.blogabet.com,2016,94,82
357,0,Symone,https://kyappybet.blogabet.com,2011,171,36
358,0,FR-Courses by J.Vallet,https://deja-vu.blogabet.com,2019,461,42
359,0,Wayne Gretzky,https://shentov.blogabet.com,2014,25,4
360,0,blink18222,https://blink18222.blogabet.com,2015,52,14
361,0,Partisan,https://dybala10.blogabet.com,2017,321,15
362,0,Bruno No.1,https://brunobasketbets.blogabet.com,2017,126,9
363,0,Serie C&D Italiana,https://serieceditaliana.blogabet.com,2019,1,0
364,0,dzoksy,https://dzoksy.blogabet.com,2015,186,14
365,0,krom85,https://krom85.blogabet.com,2012,929,4
366,0,Lord Byron,https://byronpicks.blogabet.com,2017,67,8
367,0,andrey2779,https://oloverdom.blogabet.com,2016,628,8
368,0,workinginbookie,https://workinginbookie.blogabet.com,2016,620,13
369,0,Green Bet365,https://greenbet365.blogabet.com,2019,513,12
370,0,Tomás Coragem- NBA & ATP,https://tomascoragem.blogabet.com,2017,328,4
371,0,Marco Antoniio,https://marcoantonio.blogabet.com,2017,90,1
372,0,Mister Green,https://mistern.blogabet.com,2018,237,28
373,0,betfather85,https://betfather85.blogabet.com,2017,326,31
374,0,Betting Coach Tips,https://pavle78.blogabet.com,2018,146,9
375,0,Liber,https://baseballprocap.blogabet.com,2016,949,3
376,0,totalrugby,https://totalrugby.blogabet.com,2010,594,7
377,0,Rodolfo Lopes,https://tipsterrodolfolopes.blogabet.com,2019,36,9
378,0,bookiemasterr,https://bookiemasterr.blogabet.com,2017,351,12
379,0,Klyde,https://ufcinside.blogabet.com,2016,1080,12
380,0,chaplains6,https://chaplains6.blogabet.com,2016,289,4
381,0,Zapat,https://zapat.blogabet.com,2016,41,6
382,0,EliteBets,https://elitebets.blogabet.com,2019,182,25
383,0,king50,https://king50.blogabet.com,2017,1823,17
384,0,SlovakHockey,https://slovakhockey.blogabet.com,2015,414,11
385,0,Our Value,https://ourvalue.blogabet.com,2018,23,7
386,0,mouseshark,https://mouseshark.blogabet.com,2017,778,24
387,0,Money Tree,https://joaopontes.blogabet.com,2018,236,23
388,0,OnTheOtherSide,https://ontheotherside.blogabet.com,2016,10,100
389,0,Alias Core,https://aliascore.blogabet.com,2019,126,2
390,0,Obserwator Tips,https://obserwator.blogabet.com,2017,255,26
391,0,just another lucky guy,https://balizuodds.blogabet.com,2019,248,10
392,0,mybettings,https://mybettings.blogabet.com,2012,5,1
393,0,flouushh,https://6ix9in9.blogabet.com,2018,146,20
394,0,MembroBack,https://footballline.blogabet.com,2016,70,2
395,0,Tennisnerd,https://tennisnerd.blogabet.com,2017,313,9
396,0,I OAP I Soccer,https://oracleapover4.blogabet.com,2019,78,4
397,0,the_only_one,https://the-only-one.blogabet.com,2010,14,47
398,0,Ohnimu,https://ohnimu.blogabet.com,2016,270,28
399,0,jonjon,https://jonjon08.blogabet.com,2015,971,9
400,0,hellohi,https://bulbi.blogabet.com,2018,354,44
401,0,dato3076,https://dato3076.blogabet.com,2017,1468,13
402,0,Eye of the storm,https://nidaros.blogabet.com,2017,174,13
403,0,SauRon,https://sonicboom.blogabet.com,2017,272,6
404,0,derossi,https://derossi16.blogabet.com,2017,18,1
405,0,IncognitoWolf,https://lonelywolf.blogabet.com,2017,157,2
406,0,Giorgoulakos,https://giorgoulakos.blogabet.com,2017,93,10
407,0,Toqy,https://theoby.blogabet.com,2016,26,55
408,0,K-YAO,https://k-yao.blogabet.com,2018,118,10
409,0,Florentin !,https://purceaflorentin.blogabet.com,2019,1174,21
410,0,Gerald Woods,https://geraldwoods.blogabet.com,2019,184,32
411,0,UAbets,https://uabets.blogabet.com,2018,43,10
412,0,colman,https://georgescolman.blogabet.com,2014,191,2
413,0,Moti,https://qtplm.blogabet.com,2019,110,11
414,0,Tennis Tipster,https://sandokanbet.blogabet.com,2012,193,11
415,0,Vincent Van Bong,https://dafit7.blogabet.com,2015,832,9
416,0,Forrest Gump,https://francomazzone.blogabet.com,2018,249,15
417,0,Kogoro,https://mori.blogabet.com,2014,360,7
418,0,Antibook,https://cardonjerome.blogabet.com,2018,2251,5
419,0,German Cards,https://germancards.blogabet.com,2018,81,19
420,0,ProfesorPanda,https://padna.blogabet.com,2019,1454,30
421,0,dondraper,https://dondraperpicks.blogabet.com,2016,14,1
422,0,Romanian Sports,https://hunter1.blogabet.com,2019,199,15
423,0,Praetorian,https://praetorian.blogabet.com,2016,57,32
424,0,bobe23,https://bobeale.blogabet.com,2018,312,16
425,0,RussiaBasket,https://russiabasket.blogabet.com,2019,872,26
426,0,Ramone Picks,https://ramone.blogabet.com,2014,427,10
427,0,Stanislav,https://stabet.blogabet.com,2012,841,1
428,0,Tiresias,https://tiresias.blogabet.com,2016,48,2
429,0,Wikinger,https://vorstopper.blogabet.com,2016,451,18
430,0,SoloFutbol92 Tipster,https://sapolio92.blogabet.com,2017,131,32
431,0,TheOvers,https://theovers.blogabet.com,2014,38,2
432,0,andrographis,https://andrographis.blogabet.com,2018,251,4
433,0,Wengeras,https://wengeras.blogabet.com,2018,327,14
434,0,Old/viejo delatorretips,https://delatorre80.blogabet.com,2016,147,6
435,0,POYETZGZ,https://poyetpicks.blogabet.com,2013,247,3
436,0,Doctor4k,https://betorlife.blogabet.com,2017,10,3
437,0,Rhinos Picks,https://rhinospicks.blogabet.com,2019,528,35
438,0,Curruncho3579,https://humphrey77.blogabet.com,2018,38,10
439,0,Travis Hook,https://travishookers.blogabet.com,2018,267,8
440,0,Butsa,https://bet-trade.blogabet.com,2016,44,20
441,0,sir Charles Barkley,https://barkli67.blogabet.com,2016,918,8
442,0,dutchsoccer1913,https://dutchsoccer1913.blogabet.com,2016,366,11
443,0,Varbev,https://varbev.blogabet.com,2014,677,8
444,0,kkous25,https://kkous25.blogabet.com,2017,537,7
445,0,CASH-IT,https://cash-it.blogabet.com,2020,1098,18
446,0,TMBET,https://professional.blogabet.com,2019,13,5
447,0,LatvianZ,https://latvianz.blogabet.com,2013,274,3
448,0,bzuco,https://bzuco.blogabet.com,2015,29,1
449,0,bobo32,https://bobo32.blogabet.com,2014,281,11
450,0,betgoga,https://goga.blogabet.com,2013,177,16
451,0,dusan007,https://dusan007.blogabet.com,2017,22,4
452,0,koxras,https://koxras.blogabet.com,2015,321,6
453,0,Vege,https://vege.blogabet.com,2018,72,74
454,0,betwhispers,https://betwhispers.blogabet.com,2014,284,7
455,0,Bonsaitips,https://bonsaitips.blogabet.com,2017,75,7
456,0,nazgul,https://nazgul-tips.blogabet.com,2016,373,4
457,0,Gregche,https://gregche.blogabet.com,2018,787,12
458,0,2ndBandTercera,https://2ndbandtercera.blogabet.com,2019,121,11
459,0,Hugo Abrantes,https://abrantes.blogabet.com,2016,38,4
460,0,Fábio Fazenda,https://paim.blogabet.com,2016,137,2
461,0,vandiii,https://vandiii.blogabet.com,2015,45,27
462,0,VILLATSOS,https://villatsos.blogabet.com,2019,236,21
463,0,GreenWhite,https://greenwhite.blogabet.com,2015,502,8
464,0,Betovsky,https://betovsky.blogabet.com,2019,326,17
465,0,Tipsterbalonmano,https://handbalpicks.blogabet.com,2016,47,24
466,0,karul,https://karul909.blogabet.com,2018,4,6
467,0,dampan2,https://dampan2.blogabet.com,2018,27,17
468,0,LiveSoccerTrading.com,https://livesoccertrading.blogabet.com,2019,202,16
469,0,fundamentalbetting,https://fundateyzetipps.blogabet.com,2018,80,1
470,0,Gerard84,https://gerard84.blogabet.com,2014,16,49
471,0,Izzybtizzy,https://izzybtizzy.blogabet.com,2017,68,10
472,0,ahmetof,https://ahmetof.blogabet.com,2015,289,5
473,0,OVER GOLES ⚽️,https://jgpicks.blogabet.com,2018,714,6
474,0,Norbertinho,https://norbertinho.blogabet.com,2014,707,30
475,0,Calciotips,https://calcio-tips.blogabet.com,2016,206,4
476,0,burcidovic,https://burcidovic.blogabet.com,2018,110,14
477,0,vkirecha,https://vkirecha.blogabet.com,2013,202,6
478,0,Bart Simpson,https://bartsimpson.blogabet.com,2018,576,17
479,0,Octopus--Paul,https://octopuspaulpicks.blogabet.com,2019,310,4
480,0,Sol12,https://elprofesor71.blogabet.com,2017,46,4
481,0,marekp1971,https://marekp1971.blogabet.com,2019,38,8
482,0,MagicMisiu,https://magicmisiu.blogabet.com,2014,61,14
483,0,tipstenismania,https://tipstenismania.blogabet.com,2019,62,21
484,0,ihL0z0r,https://electronic_sports_bets.blogabet....,2016,699,4
485,0,Ecen,https://ecen.blogabet.com,2016,58,17
486,0,sandrostocco,https://sandrocap.blogabet.com,2016,64,6
487,0,oddsstriker,https://oddsstriker.blogabet.com,2019,256,12
488,0,SEASON BREAK,https://enriq,0,591,735
489,0,FootballValueTips,https://footballvaluetips.blogabet.com,2019,707,25
490,0,Doctor7,https://giatros.blogabet.com,2017,1129,9
491,0,greentennis,https://greentennis.blogabet.com,2013,976,2
492,0,Tipsterprovip,https://tipsterprovip.blogabet.com,2018,528,8
493,0,andrreto,https://andrreto.blogabet.com,2018,191,6
494,0,Elianderson Luz,https://ander9.blogabet.com,2017,144,5
495,0,Cyprus Championship Kiprosix,https://kiprosix.blogabet.com,2016,116,5
496,0,SoccerPL,https://soccerpl.blogabet.com,2018,26,3
497,0,preem,https://preem.blogabet.com,2015,31,4
498,0,René Doinel,https://pippopollina.blogabet.com,2017,358,15
499,0,Vycka,https://vyckaaa.blogabet.com,2018,515,9
500,0,Dutch Dota2 Predictions,https://zozoetdota2.blogabet.com,2018,1383,10
501,0,Picksastur,https://picksastur.blogabet.com,2019,23,26
502,0,Fiti,https://jullepower.blogabet.com,2018,313,22
503,0,TheSpanishHandicapper (Asia Only),https://thespanishhandicapper.blogabet.c...,2016,63,7
504,0,olegbetsoccer,https://olegbetsoccer.blogabet.com,2017,119,7
505,0,TavoTips,https://tavotips.blogabet.com,2019,302,12
506,0,rkth,https://rkth.blogabet.com,2018,206,7
507,0,matasa,https://matasa.blogabet.com,2019,229,11
508,0,flomaster,https://flomaster.blogabet.com,2013,216,15
509,0,Luigi-Tipsters-Pronostics,https://turnover34.blogabet.com,2017,350,2
510,0,Cordtsi,https://cordtsi.blogabet.com,2018,195,13
511,0,Pulici76,https://pulici76.blogabet.com,2016,193,3
512,0,Erlinho89,https://erlinho89.blogabet.com,2016,469,6
513,0,Footwinner,https://footwinner.blogabet.com,2012,264,11
514,0,SEASON BREAK,https://analyticalalex,0,1086,135
515,0,karabatic,https://karabatic.blogabet.com,2013,195,10
516,0,BasketAddict,https://basketaddict.blogabet.com,2019,111,12
517,0,Erik Thorvaldsson,https://lovescandinavian.blogabet.com,2017,175,4
518,0,English-man,https://english-man.blogabet.com,2016,1,8
519,0,Delatorretips,https://delatorre80pinnacle.blogabet.com,2019,156,7
520,0,Mr. Reddington,https://mrvaluemaster.blogabet.com,2019,89,12
521,0,Tipster De Primera,https://tipsterdeprimera.blogabet.com,2019,294,22
522,0,D'Bagindaz,https://hendrika.blogabet.com,2015,7,17
523,0,pronostiicsports,https://pronostiicsports.blogabet.com,2019,106,2
524,0,KendrickBets,https://kendrickbets.blogabet.com,2017,1313,6
525,0,Sergio Garcia Basket,https://sergiogarciabasket.blogabet.com,2018,219,7
526,0,UAPatriot,https://uapatriot.blogabet.com,2017,1426,5
527,0,henrylai,https://henrylai.blogabet.com,2015,456,3
528,0,BradaTips,https://bradatips.blogabet.com,2019,45,16
529,0,Veronika,https://veronikabet.blogabet.com,2020,17,17
530,0,Abet To Bet,https://abettingtobb.blogabet.com,2018,1352,13
531,0,NBA Player Props,https://giannisd.blogabet.com,2015,134,9
532,0,Seigo385,https://seigo385.blogabet.com,2017,616,13
533,0,rudimentaer,https://rudimentaer.blogabet.com,2019,31,43
534,0,rudimentaer,https://rudimentaer.blogabet.com,2019,31,43
535,0,Ruck'n Roll,https://rugbytipster.blogabet.com,2015,66,5
536,0,edis155,https://edis155.blogabet.com,2015,316,3
537,0,Cornerguru,https://djet.blogabet.com,2015,131,4
538,0,SportXTipster,https://sportxtipster.blogabet.com,2019,143,14
539,0,Solo Picks Beisbol,https://solobeisbolpicks.blogabet.com,2019,350,14
540,0,helmuth1,https://obergruber.blogabet.com,2018,421,4
541,0,BTPL,https://ciechan8818.blogabet.com,2017,23,155
542,0,Breakpointer,https://breakpointer.blogabet.com,2014,588,2
543,0,Liga Izuzetnih,https://kumanovicpredrag.blogabet.com,2019,42,7
544,0,Best ROI,https://bestroi.blogabet.com,2019,457,15
545,0,Ten Tips by Apuestil,https://apuestil-bets.blogabet.com,2018,3,2
546,0,Gianluca Arzani,https://centralpuntrading.blogabet.com,2019,141,12
547,0,Horsingforward,https://kekemela.blogabet.com,2015,141,14
548,0,Evadovec,https://evadovec.blogabet.com,2015,233,57
549,0,m4dg3n1u5,https://m4dg3n1u5.blogabet.com,2019,1116,27
550,0,AitchBee,https://aitchbee.blogabet.com,2019,290,7
551,0,Monsiper,https://vestigal.blogabet.com,2017,439,3
552,0,the witcher 1,https://flowers13.blogabet.com,2018,8,6
553,0,bergamo57,https://bergamo57.blogabet.com,2018,156,3
554,0,WTAOnlyPinnacle,https://eliotennisbet.blogabet.com,2019,257,17
555,0,Arg1927,https://arg1927.blogabet.com,2019,435,4
556,0,Hoccabazz,https://hoccabazz.blogabet.com,2018,204,8
557,0,Wasabix,https://wasabixtipster.blogabet.com,2019,11,1
558,0,EsportsBestOdds,https://esportsbestodds.blogabet.com,2019,159,9
559,0,T20 Tipster,https://englishrose.blogabet.com,2019,498,11
560,0,ferrante,https://ferrante.blogabet.com,2015,85,17
561,0,Low,https://greece.blogabet.com,2015,431,20
562,0,nordsport,https://nordsport.blogabet.com,2019,87,10
563,0,Davez,https://uglydude.blogabet.com,2017,1,1
564,0,FixAnyTimeee,https://fixanytime.blogabet.com,2019,28,35
565,0,Rockybetboa,https://rockybetboa.blogabet.com,2016,81,2
566,0,1xMohammad,https://mohammadfarajpouri.blogabet.com,2019,211,21
567,0,EastWestBroskis,https://osthugo.blogabet.com,2016,5,1
568,0,RumBet,https://rumbet.blogabet.com,2016,275,4
569,0,Follow The Fox,https://followthefox.blogabet.com,2019,60,39
570,0,Pppppaak,https://tennisinsideitf.blogabet.com,2016,1752,48
571,0,Neron,https://cskachess.blogabet.com,2016,19,1
572,0,Xbitinn,https://xbitinn.blogabet.com,2016,7,1
573,0,cem13,https://cem13.blogabet.com,2015,5,30
574,0,segope12,https://segope12.blogabet.com,2019,129,21
575,0,domsn,https://domsn94.blogabet.com,2015,128,25
576,0,IMG10,https://imgroup.blogabet.com,2018,105,15
577,0,fortunato,https://daily-picks.blogabet.com,2014,191,8
578,0,cernatf,https://cernatf.blogabet.com,2013,21,7
579,0,Lee B,https://racingvaluebets.blogabet.com,2016,203,22
580,0,SEASON BREAK,https://meowbets,0,14,11
581,0,entertainmentbet,https://entertainmentbet.blogabet.com,2012,453,57
582,0,NoCurryNoParty,https://nocurrynoparty.blogabet.com,2019,575,14
583,0,Hammerbets,https://reich-werden.blogabet.com,2016,119,29
584,0,Astur3bet,https://astur3bet.blogabet.com,2019,2,6
585,0,Finnishgambler,https://finnishgambler.blogabet.com,2018,103,21
586,0,Miakis-NBA,https://miakis-nba.blogabet.com,2019,429,38
587,0,agut-tennis,https://agut-tennis.blogabet.com,2019,77,5
588,0,Unam,https://doudou34.blogabet.com,2008,117,7
589,0,Fake Stats,https://vetetimapick.blogabet.com,2018,51,5
590,0,Best_in_USSR,https://bestinussr.blogabet.com,2013,125,3
591,0,sebt1,https://sebt1.blogabet.com,2014,262,2
592,0,pablito26,https://pablosport24.blogabet.com,2016,329,9
593,0,fumbito86,https://fumbito86.blogabet.com,2017,453,4
594,0,AM Tips,https://ampicks.blogabet.com,2019,159,16
595,0,Consis,https://consis.blogabet.com,2015,16,1
596,0,KubaPL,https://kubapl.blogabet.com,2018,1,4
597,0,Marcek,https://marcektipster.blogabet.com,2016,115,11
598,0,pen,https://didelphis.blogabet.com,2015,44,38
599,0,Antisha16,https://antisha16.blogabet.com,2015,78,8
600,0,Rais75,https://vivarais.blogabet.com,2016,117,4
601,0,Dev1ce,https://dev1ce.blogabet.com,2018,125,15
602,0,pemimero,https://pemimero.blogabet.com,2013,88,6
603,0,bill monero,https://bill-monero.blogabet.com,2017,492,14
604,0,Rabatov,https://provar.blogabet.com,2010,104,15
605,0,matheusturon,https://matheusturon.blogabet.com,2019,116,24
606,0,incr3d1ble,https://incr3d1ble.blogabet.com,2016,125,24
607,0,totio,https://totio.blogabet.com,2011,551,6
608,0,SEASON BREAK,https://Tipster Pulpito,0,893,133
609,0,Profitable American Sports,https://delamari.blogabet.com,2011,340,1
610,0,Svetlio,https://svetlio.blogabet.com,2016,17,5
611,0,Youngz,https://youngz.blogabet.com,2014,182,5
612,0,Rouyn,https://rouyn.blogabet.com,2018,40,16
613,0,Red Cards,https://kingsbet365.blogabet.com,2019,143,28
614,0,Elescort97,https://elescort97.blogabet.com,2019,146,20
615,0,Alison,https://draw4me.blogabet.com,2014,4,8
616,0,Nowit,https://nowitzkifor3.blogabet.com,2014,2,3
617,0,cghes,https://cghes.blogabet.com,2016,19,0
618,0,bgbetter,https://bgbetter.blogabet.com,2012,670,9
619,0,..dsagh,https://thcarmy.blogabet.com,2016,20,41
620,0,Marc,https://juskowiak40.blogabet.com,2014,543,11
621,0,VYA,https://azumatipster.blogabet.com,2018,42,10
622,0,Espicks 2,https://spanishleague2.blogabet.com,2018,23,9
623,0,MSJ,https://milen172.blogabet.com,2014,63,4
624,0,GalicianBet,https://jvp20.blogabet.com,2018,130,17
625,0,SEASON BREAK,https://Gellero,94,390,273
626,0,Under the Bridge,https://kostaskoulouris.blogabet.com,2016,22,7
627,0,BETUDONTBET,https://ibetudontbet.blogabet.com,2017,231,5
628,0,⭐Mind⭐,https://mindblog.blogabet.com,2019,204,16
629,0,Stilgar79,https://tennisterico.blogabet.com,2015,53,9
630,0,soccertips.pro,https://soccertips-pro.blogabet.com,2018,1192,12
631,0,SEASON BREAK,https://ArgenTipstersTENIS,0,343,206
632,0,MaxKuba,https://thekuba.blogabet.com,2015,224,4
633,0,Espicks,https://spanishleague.blogabet.com,2016,55,3
634,0,SEASON BREAK,https://Louis Bodin,0,248,133
635,0,Hoperoad,https://zako.blogabet.com,2018,947,8
636,0,Over And Over Again,https://over-and-over-again.blogabet.com,2019,463,13
637,0,Wadster Tips,https://wadster9.blogabet.com,2019,142,14
638,0,Serbishman_AbuDhabi,https://partymaniac.blogabet.com,2019,294,20
639,0,Breeze,https://iperfect.blogabet.com,2016,10,2
640,0,Merlí,https://merlicovsky.blogabet.com,2018,178,4
641,0,Ixa91,https://ixa91.blogabet.com,2015,28,85
642,0,BaluPLNY,https://baluplny.blogabet.com,2017,12,31
643,0,Mister Cashh,https://mistercashh.blogabet.com,2018,1021,14
644,0,Catced Bk,https://catcedbk.blogabet.com,2018,35,1
645,0,B00killer,https://1xbet-killer.blogabet.com,2017,557,14
646,0,werew,https://werew.blogabet.com,2019,11,9
647,0,Mikey!,https://vamplrevalue.blogabet.com,2011,321,1
648,0,true,https://true.blogabet.com,2010,290,8
649,0,Kapitan bomba,https://melepeta.blogabet.com,2015,48,21
650,0,Horse Racing Chiriapuestas,https://fantasypicks04.blogabet.com,2018,321,7
651,0,Soccerhead,https://soccerhead.blogabet.com,2017,262,5
652,0,The Italian Sniper,https://vasconnesso.blogabet.com,2019,7,1
653,0,Walrus Pinnacle Picks,https://saganpicks.blogabet.com,2017,21,19
654,0,Johnny_hockey,https://invictus87.blogabet.com,2010,377,2
655,0,Tintin12,https://nicagi8.blogabet.com,2015,6,4
656,0,Vitorbrasil,https://vitorbrasil.blogabet.com,2017,25,2
657,0,God Of Cards,https://godofcards.blogabet.com,2019,136,11
658,0,SEASON BREAK,https://OwnGoal,0,548,131
659,0,Josele1974,https://joselebet.blogabet.com,2019,219,7
660,0,The Betting SPY,https://thebettingspy.blogabet.com,2019,522,23
661,0,LaCasadePapel,https://mkl10.blogabet.com,2019,47,9
662,0,belorasha555,https://basketdraw.blogabet.com,2017,212,5
663,0,franciscodiassportsinvestments,https://franciscodiasblogabet.blogabet.c...,2019,25,11
664,0,Sportorama,https://sportorama.blogabet.com,2018,225,7
665,0,Paulo Augusto Neto,https://pauloaneto.blogabet.com,2019,67,10
666,0,delpotrOver,https://delpotrover.blogabet.com,2019,40,15
667,0,sports246810,https://sports246810.blogabet.com,2017,223,7
668,0,I OAP I Tennis,https://oaptennis.blogabet.com,2019,247,18
669,0,Criminal Bets,https://vasil93365.blogabet.com,2018,129,16
670,0,FutModES,https://futmodes.blogabet.com,2018,52,7
671,0,Donaldo The First,https://donaldo.blogabet.com,2019,27,30
672,0,APUESTAS ZUMONES,https://prjpicks.blogabet.com,2017,232,9
673,0,adrie51100,https://adrie51100.blogabet.com,2016,432,12
674,0,GoalLine,https://linegoal.blogabet.com,2018,91,10
675,0,Isaiah4,https://isaiah4.blogabet.com,2017,100,22
676,0,Live Bet Billionaire,https://livebetbillionaires.blogabet.com,2019,82,19
677,0,Fisichella,https://fisichella.blogabet.com,2018,144,17
678,0,Besei88,https://besei88.blogabet.com,2016,546,15
679,0,Catinho,https://ledaz.blogabet.com,2013,30,1
680,0,2banksof4,https://2banksof4.blogabet.com,2014,66,3
681,0,batumi,https://armagedon777.blogabet.com,2018,75,4
682,0,ryanki,https://ryanki.blogabet.com,2013,230,16
683,0,Malgus,https://malgus.blogabet.com,2013,6,17
684,0,Bul,https://formation.blogabet.com,2018,162,13
685,0,DD invest,https://investment.blogabet.com,2019,347,7
686,0,PROGRESSOR,https://pari201.blogabet.com,2017,26,3
687,0,kezoo,https://kezoobet.blogabet.com,2017,133,20
688,0,fitipaldi8,https://fitipaldi8.blogabet.com,2014,291,7
689,0,Football Wizard,https://underover.blogabet.com,2018,191,5
690,0,EMZ21,https://emz21.blogabet.com,2017,53,7
691,0,8milu8,https://8milu8.blogabet.com,2018,183,29
692,0,EL ojo en el dedo,https://ledoyatodo.blogabet.com,2017,19,2
693,0,underdogcatcher,https://underdogcatcher.blogabet.com,2018,25,3
694,0,Bane,https://bane.blogabet.com,2015,8901,4
695,0,Brother_Louie,https://brotherlouie.blogabet.com,2015,102,4
696,0,Lithuanian Betting Syndicate,https://lithuanianbettingsyndicate.bloga...,2019,213,30
697,0,BESTLINES,https://bestlines.blogabet.com,2018,371,5
698,0,Live4Ever,https://missinglink.blogabet.com,2015,16,1
699,0,Corner specialist,https://babakeza.blogabet.com,2018,727,15
700,0,Lord das Tips,https://lorddastips.blogabet.com,2019,5,1
701,0,All Sports Swiss,https://swissanjelinho.blogabet.com,2019,53,2
702,0,maroca,https://maroca85.blogabet.com,2017,161,15
703,0,salvyyy,https://csgoprof.blogabet.com,2019,347,31
704,0,German.Football,https://johnnygermany.blogabet.com,2016,122,4
705,0,Spanoulis7,https://yugoslavbasketball.blogabet.com,2018,77,19
706,0,tennispecialist,https://tennispecialist.blogabet.com,2019,2,1
707,0,Obabet,https://obabet.blogabet.com,2017,209,3
708,0,Obabet,https://obabet.blogabet.com,2017,209,3
709,0,Gameofbet,https://leana66.blogabet.com,2015,906,3
710,0,Schwebermann,https://schwebermann.blogabet.com,2014,47,24
711,0,Girls Tennis,https://ap23wta.blogabet.com,2019,19,30
712,0,Hamal,https://hamal.blogabet.com,2018,156,15
713,0,Alex77712,https://alex77712.blogabet.com,2019,338,4
714,0,XtegRaf,https://xtegraf.blogabet.com,2019,361,9
715,0,GringoPicks,https://gringopicks.blogabet.com,2019,104,9
716,0,Bosas,https://minde.blogabet.com,2020,45,57
717,0,herta,https://herta.blogabet.com,2015,50,2
718,0,isaias tito,https://tito07.blogabet.com,2016,40,10
719,0,hulkrules,https://hulkrules.blogabet.com,2008,214,10
720,0,Veritas69,https://veritas69.blogabet.com,2018,302,5
721,0,Frisco,https://frisco.blogabet.com,2019,2437,10
722,0,Synart,https://synopsie.blogabet.com,2017,38,9
